{
  "4": {
    "centroid": [
      317.594482421875,
      356.28424072265625
    ],
    "rvec": [
      2.9224965568365766,
      0.006824587027667577,
      0.09584994597562413
    ],
    "tvec": [
      -0.008577575617342452,
      0.07576727000632584,
      0.7355339575926668
    ],
    "corners": [
      [
        [
          271.7516174316406,
          309.7121276855469
        ],
        [
          363.6708068847656,
          309.5580749511719
        ],
        [
          363.68798828125,
          402.5747375488281
        ],
        [
          271.267578125,
          403.29205322265625
        ]
      ]
    ]
  },
  "1": {
    "centroid": [
      318.3134765625,
      124.74247741699219
    ],
    "rvec": [
      3.144326524860413,
      0.019121240565655503,
      -0.08877523568625936
    ],
    "tvec": [
      -0.008332245778026345,
      -0.10047706665518849,
      0.7377219766386541
    ],
    "corners": [
      [
        [
          272.2723083496094,
          77.68844604492188
        ],
        [
          364.615966796875,
          79.03363037109375
        ],
        [
          364.10870361328125,
          171.54139709472656
        ],
        [
          272.2569274902344,
          170.70643615722656
        ]
      ]
    ]
  },
  "2": {
    "centroid": [
      259.9836730957031,
      240.15724182128906
    ],
    "rvec": [
      -3.1655591644499803,
      -0.00072909548417247,
      -0.21771462686945225
    ],
    "tvec": [
      -0.05272351855181602,
      -0.012227301999919374,
      0.7408634574165293
    ],
    "corners": [
      [
        [
          213.65525817871094,
          193.5803680419922
        ],
        [
          306.56658935546875,
          194.43939208984375
        ],
        [
          306.3262634277344,
          286.23602294921875
        ],
        [
          213.3865509033203,
          286.3731689453125
        ]
      ]
    ]
  },
  "3": {
    "centroid": [
      375.4266357421875,
      240.56942749023438
    ],
    "rvec": [
      -3.137926584883469,
      -0.0007744442995381106,
      0.10396764605164341
    ],
    "tvec": [
      0.03535571081430651,
      -0.012034092038706208,
      0.7417395525771096
    ],
    "corners": [
      [
        [
          329.8070983886719,
          194.56971740722656
        ],
        [
          421.2745361328125,
          195.00283813476562
        ],
        [
          421.05535888671875,
          286.4578552246094
        ],
        [
          329.5696105957031,
          286.2472839355469
        ]
      ]
    ]
  }
}