{
  "1": {
    "centroid": [
      289.75,
      109.5
    ],
    "rvec": [
      -3.0885255020683187,
      0.0029305988584271223,
      -0.025993500361402067
    ],
    "tvec": [
      -0.03383827207688647,
      -0.10360481370663321,
      0.527117990663147
    ]
  },
  "2": {
    "centroid": [
      219.25,
      253.25
    ],
    "rvec": [
      3.123518845377379,
      -0.019727678680286697,
      0.1080343335197626
    ],
    "tvec": [
      -0.08968627437263862,
      0.009254350033779798,
      0.5298913671365695
    ]
  },
  "4": {
    "centroid": [
      292.0,
      394.5
    ],
    "rvec": [
      -3.130297100319819,
      0.008491235329221086,
      -0.030722510531553403
    ],
    "tvec": [
      -0.03254497218100781,
      0.1220968402990886,
      0.5350919000078893
    ]
  },
  "3": {
    "centroid": [
      362.0,
      252.5
    ],
    "rvec": [
      -3.1396112698460215,
      0.01180265758934951,
      -0.08707175991497604
    ],
    "tvec": [
      0.023623302680752224,
      0.00877503033150787,
      0.5317088487768852
    ]
  }
}