{
  "1": {
    "centroid": [
      292.5021057128906,
      141.2286376953125
    ],
    "rvec": [
      -2.978829141525134,
      0.0034914347790678886,
      -0.28734244744484766
    ],
    "tvec": [
      -0.01843791557401292,
      -0.05814968910909268,
      0.491412846473013
    ],
    "corners": [
      [
        [
          250.98919677734375,
          99.08533477783203
        ],
        [
          333.66937255859375,
          99.98141479492188
        ],
        [
          333.6781311035156,
          183.1092987060547
        ],
        [
          251.67178344726562,
          182.73855590820312
        ]
      ]
    ]
  },
  "2": {
    "centroid": [
      240.85629272460938,
      245.28173828125
    ],
    "rvec": [
      -3.093868818342986,
      0.00902627665466087,
      -0.31274041045769724
    ],
    "tvec": [
      -0.04492687417013262,
      -0.005547641163778811,
      0.4945257760908834
    ],
    "corners": [
      [
        [
          199.11061096191406,
          203.8791961669922
        ],
        [
          282.2996826171875,
          204.08580017089844
        ],
        [
          282.5726623535156,
          286.1770935058594
        ],
        [
          199.44224548339844,
          286.98486328125
        ]
      ]
    ]
  },
  "4": {
    "centroid": [
      293.1687927246094,
      348.36468505859375
    ],
    "rvec": [
      -3.1772792051971965,
      0.011445914208550043,
      0.012348482209465548
    ],
    "tvec": [
      -0.018616655221809747,
      0.047399206800391884,
      0.49819466671899704
    ],
    "corners": [
      [
        [
          252.2638397216797,
          307.5955505371094
        ],
        [
          333.9488525390625,
          306.6177978515625
        ],
        [
          334.2287292480469,
          388.75201416015625
        ],
        [
          252.2337188720703,
          390.49334716796875
        ]
      ]
    ]
  },
  "3": {
    "centroid": [
      344.2813415527344,
      244.86318969726562
    ],
    "rvec": [
      -3.104965294862001,
      0.0011571890716574908,
      -0.13371962945189977
    ],
    "tvec": [
      0.007878539779120496,
      -0.00573231205813098,
      0.5005804060325926
    ],
    "corners": [
      [
        [
          303.6656188964844,
          204.07688903808594
        ],
        [
          384.7845764160156,
          203.95458984375
        ],
        [
          384.7895812988281,
          285.41925048828125
        ],
        [
          303.8855895996094,
          286.0020446777344
        ]
      ]
    ]
  }
}